text,label
me siento muy ansioso,ansiedad
traigo los nervios de punta,ansiedad
no puedo dejar de pensar en que algo va a pasar,ansiedad
siento angustia,ansiedad
estoy inquieto y no sé por qué,ansiedad
siento que algo malo va a pasar,ansiedad
ando muy nervioso,ansiedad
siento un nudo en el estómago de ansiedad,ansiedad
no puedo relajarme ando ansioso,ansiedad
siento que me falta calma todo me altera,ansiedad
estoy inquieto desde que desperté,ansiedad
siento la mente acelerada de preocupación,ansiedad
ando con mucha ansiedad,ansiedad
no logro tranquilizarme,ansiedad
siento que todo me estresa,ansiedad
siento el pecho apretado de los nervios,ansiedad
no dejo de darle vueltas a las cosas,ansiedad
siento miedo de que algo salga mal,ansiedad
traigo la mente llena de preocupaciones,ansiedad
siento que no puedo controlar mis pensamientos,ansiedad
me sudan las manos de los nervios,ansiedad
siento un hueco en el estómago por la preocupación,ansiedad
no puedo concentrarme ando muy nervioso,ansiedad
siento que en cualquier momento algo se complica,ansiedad
me cuesta quedarme quieto de tan inquieto,ansiedad
siento la respiración agitada de pura ansiedad,ansiedad
me preocupa todo lo que tengo pendiente,ansiedad
siento que el corazón se me acelera de solo pensarlo,ansiedad
ando a la defensiva esperando que algo salga mal,ansiedad
no dejo de revisar si todo está bien ando ansioso,ansiedad
siento que traigo un peso encima por la preocupación,ansiedad
me cuesta dormir de tantas vueltas que le doy a las cosas,ansiedad
siento que en cualquier momento pierdo el control de la situación,ansiedad
ando muy alerta como esperando que pase algo,ansiedad
siento un temblor por dentro de los nervios,ansiedad
no me puedo quitar de la cabeza que algo anda mal,ansiedad
siento que necesito que alguien me diga que todo está bien,ansiedad
ando con el estómago revuelto de la preocupación,ansiedad
siento que las manos me tiemblan de nervios,ansiedad
me cuesta respirar tranquilo de tan angustiado,ansiedad
me siento muy triste,tristeza
ando decaído sin ganas de nada,tristeza
siento como si nada me importara,tristeza
me dan ganas de llorar sin razón,tristeza
me siento vacío por dentro,tristeza
ando desanimado,tristeza
siento una tristeza que no se va,tristeza
no tengo ganas de hacer nada me siento mal,tristeza
me siento solo y triste,tristeza
ando con el ánimo por los suelos,tristeza
siento una pesadez emocional,tristeza
me siento apagado sin energía emocional,tristeza
todo me parece gris,tristeza
siento ganas de aislarme ando triste,tristeza
me siento derrotado emocionalmente,tristeza
siento un peso en el pecho de tristeza,tristeza
no tengo ánimo para hablar con nadie,tristeza
me siento desmotivado y sin ilusión,tristeza
siento ganas de quedarme en cama todo el día,tristeza
me siento desconsolado,tristeza
siento que nada me da gusto últimamente,tristeza
me cuesta encontrarle sentido a las cosas hoy,tristeza
siento un vacío que no sé de dónde viene,tristeza
ando con ganas de no hablar con nadie,tristeza
siento que se me acaban las ganas de todo,tristeza
me siento como si cargara algo muy pesado por dentro,tristeza
siento que perdí el interés en lo que antes me gustaba,tristeza
ando con la energía por el suelo sin ánimo,tristeza
siento que se me hace un nudo en la garganta,tristeza
me cuesta hasta sonreír hoy,tristeza
siento que todo me sale mal y me desanima,tristeza
ando cabizbajo sin ganas de ver a nadie,tristeza
siento que me pesa hasta pensar en salir,tristeza
me siento decaído desde que desperté,tristeza
siento que quiero llorar aunque no sé exactamente por qué,tristeza
ando sensible y cualquier cosa me hace sentir peor,tristeza
siento que me falta motivación para todo,tristeza
me siento apagado como si me hubieran quitado las ganas,tristeza
siento que hoy todo me cuesta el doble de esfuerzo emocional,tristeza
ando con el ánimo bajo desde hace días,tristeza
ando muy irritado,enojo
me siento enojado sin razón clara,enojo
todo me molesta,enojo
traigo el humor muy pesado,enojo
siento que exploto por cualquier cosa,enojo
ando de mal genio,enojo
me da coraje todo lo que pasa,enojo
siento mucha frustración,enojo
ando muy sensible y todo me hace enojar,enojo
me siento furioso por algo pequeño,enojo
traigo mucho coraje acumulado,enojo
ando de mal humor,enojo
siento rabia sin motivo aparente,enojo
me irrito con facilidad,enojo
ando renegando de todo,enojo
siento que quiero gritarle a todos,enojo
traigo ganas de romper algo de tanto coraje,enojo
estoy harto de todo,enojo
siento que hierve la sangre de coraje,enojo
ando fastidiado con todo el mundo,enojo
siento que cualquier comentario me hace saltar,enojo
me choca que las cosas no salgan como quiero,enojo
siento que traigo la mecha corta hoy,enojo
ando de un humor insoportable,enojo
siento que me hierve la cabeza de coraje,enojo
me da mucho coraje que no me hagan caso,enojo
ando peleado con todo el mundo sin ganas de aguantar nada,enojo
siento que apreté los puños sin darme cuenta,enojo
me molesta hasta el ruido de fondo ando muy enojado,enojo
siento que me sale la mala cara sin querer,enojo
ando con ganas de reclamarle a todo el mundo,enojo
siento que me cuesta controlar el coraje,enojo
traigo el genio muy corto hoy,enojo
siento ganas de azotar la puerta de puro coraje,enojo
me da mucha rabia cuando las cosas no funcionan,enojo
ando muy quisquilloso todo me saca de quicio,enojo
siento que hoy no tengo paciencia para nada,enojo
me revienta que me repitan las cosas dos veces,enojo
ando con el cuerpo tenso de puro coraje,enojo
siento que quiero desquitarme con algo de tanto enojo,enojo
siento que me hierve la sangre por una injusticia,enojo
ando furioso porque no respetaron mi tiempo,enojo
siento ganas de confrontar a alguien de tanto coraje,enojo
me indigna la situación de hoy,enojo
siento resentimiento por cómo me trataron,enojo
ando explotando de coraje por dentro,enojo
siento que no puedo tragarme el enojo,enojo
me hierve por dentro de pura indignación,enojo
siento que el enojo se me nota en la cara,enojo
ando con el pecho apretado de tanto coraje,enojo
hoy me siento bien tranquilo,calma
me siento en paz,calma
todo normal sin quejas,calma
ando relajado,calma
me siento estable emocionalmente,calma
tengo la mente tranquila,calma
me siento contento y en calma,calma
ando de buen humor,calma
siento que todo está en orden,calma
me siento equilibrado,calma
ando tranquilo sin preocupaciones,calma
me siento bien conmigo mismo,calma
me siento sereno,calma
ando de buenas sin estrés,calma
me siento a gusto,calma
me siento relajado sin ninguna preocupación,calma
hoy respiro tranquilidad,calma
siento armonía conmigo mismo,calma
ando con la mente despejada y en paz,calma
me siento satisfecho y tranquilo,calma
siento que todo fluye bien hoy,calma
ando descansado y de buen ánimo,calma
me siento cómodo con cómo va todo,calma
siento que hoy nada me altera,calma
ando con una sensación agradable de bienestar,calma
me siento ligero sin nada que me pese,calma
siento que tengo todo bajo control y eso me tranquiliza,calma
ando disfrutando el día sin apuros,calma
me siento centrado y en calma,calma
siento que puedo con todo lo de hoy sin estrés,calma
ando con buena energía y tranquilidad,calma
me siento agradecido y en paz hoy,calma
siento que hoy todo va viento en popa,calma
ando relajado disfrutando el momento,calma
me siento pleno hoy,calma
siento que respiro con calma y sin prisas,calma
ando contento con cómo se dio el día,calma
me siento apacible hoy,calma
siento que hoy tengo la cabeza despejada,calma
ando de buen ánimo sin nada que me preocupe,calma
siento gratitud y tranquilidad hoy,calma
ando con el ánimo sereno y positivo,calma
siento que hoy disfruto de un buen equilibrio interior,calma
me siento reconfortado y en paz conmigo mismo,calma
ando saboreando la tranquilidad del día,calma
siento una calma genuina que no había sentido en días,calma
me siento afortunado y tranquilo hoy,calma
ando con una paz interior notable,calma
siento que hoy todo me resulta placentero,calma
me siento sosegado y de buen ánimo,calma
estoy normal nada especial que contar,neutral
hoy fue un día como cualquier otro,neutral
no siento nada en particular,neutral
ando igual que siempre,neutral
no tengo nada nuevo que decir,neutral
me siento neutral sin más,neutral
todo sigue igual por aquí,neutral
no hay cambios en cómo me siento,neutral
estoy bien sin nada que resaltar,neutral
hoy es un día común y corriente,neutral
me siento como siempre sin novedad,neutral
nada fuera de lo normal,neutral
ando en mi día a día normal,neutral
no siento nada distinto,neutral
todo tranquilo sin nada que mencionar,neutral
nada que resaltar en cómo me siento,neutral
sigo mi rutina normal sin cambios,neutral
me siento igual que ayer,neutral
no tengo comentarios nuevos sobre mi estado,neutral
todo transcurre con normalidad,neutral
no hay nada que reportar hoy,neutral
mi día fue rutinario sin sobresaltos,neutral
me siento indiferente ni bien ni mal,neutral
no noto ningún cambio en mi estado de ánimo,neutral
hoy no pasó nada digno de mencionar,neutral
sigo igual sin altibajos,neutral
no tengo ninguna emoción particular que contar,neutral
hoy transcurrió sin nada que resaltar,neutral
me encuentro en un estado neutro sin más,neutral
no sabría decir si me siento bien o mal solo normal,neutral
todo pasó sin pena ni gloria hoy,neutral
no tengo quejas ni tampoco algo que celebrar,neutral
mi ánimo se mantuvo igual todo el día,neutral
no hubo nada que me hiciera sentir distinto hoy,neutral
sigo con la misma rutina de siempre sin cambios,neutral
no percibo ninguna emoción fuerte hoy,neutral
todo estuvo dentro de lo esperado nada más,neutral
me siento en un punto medio ni contento ni triste,neutral
hoy no hay nada relevante que reportar sobre mi ánimo,neutral
mi estado de ánimo se mantiene estable y sin cambios notables,neutral
